discovered,discovery_update,elapsed_seconds,env_variant,loophole,post_discovery_avg_reward_per_episode,run,seed,source_dir,steps_to_first_discovery,tail_avg_reward_per_episode,tail_reward_stddev,tail_success_rate,tail_success_rate_stddev,updates_logged
False,,615.647205175017,hard,barnes_group,,0,1729,experiments/results/loophole_learning_metrics_hard_nomask_barnes_group_936013_0_20260811_153535,,-3.595625000000002,0.31655513675387315,0,0,100
False,,634.7644567459356,hard,barnes_group,,1,1730,experiments/results/loophole_learning_metrics_hard_nomask_barnes_group_936013_0_20260811_153535,,-3.4810416666666675,0.28883030325599,0,0,100
False,,616.0670833560871,hard,barnes_group,,2,1731,experiments/results/loophole_learning_metrics_hard_nomask_barnes_group_936013_0_20260811_153535,,-3.459041666666667,0.2506666950996156,0,0,100
False,,619.9971247219946,hard,barnes_group,,3,1732,experiments/results/loophole_learning_metrics_hard_nomask_barnes_group_936013_0_20260811_153535,,-4.211625000000002,0.44624222723258394,0,0,100
False,,607.7300064909505,hard,barnes_group,,4,1733,experiments/results/loophole_learning_metrics_hard_nomask_barnes_group_936013_0_20260811_153535,,-5.78791666666667,0.4972230267235148,0,0,100
False,,617.5456545880297,hard,barnes_group,,5,1734,experiments/results/loophole_learning_metrics_hard_nomask_barnes_group_936013_0_20260811_153535,,-6.104750000000005,0.42511901498355015,0,0,100
False,,591.041100781993,hard,barnes_group,,6,1735,experiments/results/loophole_learning_metrics_hard_nomask_barnes_group_936013_0_20260811_153535,,-6.473166666666669,0.3849281849934332,0,0,100
False,,594.3962209930178,hard,barnes_group,,7,1736,experiments/results/loophole_learning_metrics_hard_nomask_barnes_group_936013_0_20260811_153535,,-3.7683333333333358,0.3793455814629179,0,0,100
False,,577.0036068819463,hard,barnes_group,,8,1737,experiments/results/loophole_learning_metrics_hard_nomask_barnes_group_936013_0_20260811_153535,,-3.8127916666666684,0.482506573221293,0,0,100
False,,592.2002869269345,hard,barnes_group,,9,1738,experiments/results/loophole_learning_metrics_hard_nomask_barnes_group_936013_0_20260811_153535,,-3.4492500000000006,0.14585222935223732,0,0,100
False,,767.3548569420818,hard,distressed_assets,,0,1729,experiments/results/loophole_learning_metrics_hard_nomask_distressed_assets_936014_1_20260811_153535,,-6.52408333333334,0.10902139792113445,0,0,100
False,,767.4490033950424,hard,distressed_assets,,1,1730,experiments/results/loophole_learning_metrics_hard_nomask_distressed_assets_936014_1_20260811_153535,,-5.471208333333337,0.412454009043461,0,0,100
False,,759.860374358017,hard,distressed_assets,,2,1731,experiments/results/loophole_learning_metrics_hard_nomask_distressed_assets_936014_1_20260811_153535,,-6.542833333333337,0.12418047138613934,0,0,100
False,,773.016908980906,hard,distressed_assets,,3,1732,experiments/results/loophole_learning_metrics_hard_nomask_distressed_assets_936014_1_20260811_153535,,-10.551166666666667,0.11917491690248136,0,0,100
False,,771.2316129970131,hard,distressed_assets,,4,1733,experiments/results/loophole_learning_metrics_hard_nomask_distressed_assets_936014_1_20260811_153535,,-6.778166666666669,0.7816209166277094,0,0,100
False,,764.6975833539618,hard,distressed_assets,,5,1734,experiments/results/loophole_learning_metrics_hard_nomask_distressed_assets_936014_1_20260811_153535,,-6.260875000000004,0.3331959667614258,0,0,100
False,,793.3848721460672,hard,distressed_assets,,6,1735,experiments/results/loophole_learning_metrics_hard_nomask_distressed_assets_936014_1_20260811_153535,,-10.515375,0.12968486178884941,0,0,100
False,,760.6340626899619,hard,distressed_assets,,7,1736,experiments/results/loophole_learning_metrics_hard_nomask_distressed_assets_936014_1_20260811_153535,,-10.587666666666667,0.05693024355805033,0,0,100
False,,790.3348488319898,hard,distressed_assets,,8,1737,experiments/results/loophole_learning_metrics_hard_nomask_distressed_assets_936014_1_20260811_153535,,-6.905625000000005,0.7873747869915935,0,0,100
False,,781.4794704719679,hard,distressed_assets,,9,1738,experiments/results/loophole_learning_metrics_hard_nomask_distressed_assets_936014_1_20260811_153535,,-10.490333333333334,0.15649449292479758,0,0,100
False,,392.3194969119504,hard,dub_irish_dutch,,0,1729,experiments/results/loophole_learning_metrics_hard_nomask_dub_irish_dutch_936015_2_20260811_153534,,-3.7718784338499547,0.3569335968451854,0,0,100
False,,396.8188446939457,hard,dub_irish_dutch,,1,1730,experiments/results/loophole_learning_metrics_hard_nomask_dub_irish_dutch_936015_2_20260811_153534,,-2.959482792721519,0.6819217568271271,0,0,100
False,,395.37074098095763,hard,dub_irish_dutch,,2,1731,experiments/results/loophole_learning_metrics_hard_nomask_dub_irish_dutch_936015_2_20260811_153534,,-3.26574305674025,0.5005156905457787,0,0,100
False,,395.27348557603545,hard,dub_irish_dutch,,3,1732,experiments/results/loophole_learning_metrics_hard_nomask_dub_irish_dutch_936015_2_20260811_153534,,-3.4168479166666663,0.5799983427007667,0,0,100
False,,388.52266633696854,hard,dub_irish_dutch,,4,1733,experiments/results/loophole_learning_metrics_hard_nomask_dub_irish_dutch_936015_2_20260811_153534,,-2.9683125,0.5823179951992673,0,0,100
False,,385.24716671800707,hard,dub_irish_dutch,,5,1734,experiments/results/loophole_learning_metrics_hard_nomask_dub_irish_dutch_936015_2_20260811_153534,,-1.9867812500000004,0.4974199169791715,0,0,100
False,,382.13755703601055,hard,dub_irish_dutch,,6,1735,experiments/results/loophole_learning_metrics_hard_nomask_dub_irish_dutch_936015_2_20260811_153534,,-3.491514609704641,0.5018761820662383,0,0,100
False,,382.4336502230726,hard,dub_irish_dutch,,7,1736,experiments/results/loophole_learning_metrics_hard_nomask_dub_irish_dutch_936015_2_20260811_153534,,-3.756880464262968,0.4679298164523445,0,0,100
False,,377.8407598279882,hard,dub_irish_dutch,,8,1737,experiments/results/loophole_learning_metrics_hard_nomask_dub_irish_dutch_936015_2_20260811_153534,,-3.040204944620253,0.7036396929589088,0,0,100
False,,380.5019543450326,hard,dub_irish_dutch,,9,1738,experiments/results/loophole_learning_metrics_hard_nomask_dub_irish_dutch_936015_2_20260811_153534,,-3.4672080828059064,0.585481855222413,0,0,100
False,,1187.5531132429605,hard,partnership_disguised_sale,,0,1729,experiments/results/loophole_learning_metrics_hard_nomask_partnership_disguised_sale_936016_3_20260811_153534,,-1.5344218750000005,0.31688626113787915,0,0,100
False,,1176.078245425946,hard,partnership_disguised_sale,,1,1730,experiments/results/loophole_learning_metrics_hard_nomask_partnership_disguised_sale_936016_3_20260811_153534,,-1.750515625000001,0.2277322744949173,0,0,100
False,,1133.2750847290736,hard,partnership_disguised_sale,,2,1731,experiments/results/loophole_learning_metrics_hard_nomask_partnership_disguised_sale_936016_3_20260811_153534,,-1.4497343749999998,0.2056417785057867,0,0,100
False,,1128.3562163939932,hard,partnership_disguised_sale,,3,1732,experiments/results/loophole_learning_metrics_hard_nomask_partnership_disguised_sale_936016_3_20260811_153534,,-1.5012343750000006,0.24156339311385966,0,0,100
True,43,1157.838568154024,hard,partnership_disguised_sale,-1.7619682017543865,4,1733,experiments/results/loophole_learning_metrics_hard_nomask_partnership_disguised_sale_936016_3_20260811_153534,5632,-1.5032031250000002,0.24531567159783496,0,0,100
True,97,1178.513859402039,hard,partnership_disguised_sale,-0.901354166666667,5,1734,experiments/results/loophole_learning_metrics_hard_nomask_partnership_disguised_sale_936016_3_20260811_153534,12544,-1.3365468750000002,0.3968740477998317,0.003125,0.013975424859373685,100
True,68,1139.4064247650094,hard,partnership_disguised_sale,-1.4900195312500002,6,1735,experiments/results/loophole_learning_metrics_hard_nomask_partnership_disguised_sale_936016_3_20260811_153534,8832,-1.5046875,0.23778268322312615,0.003125,0.013975424859373685,100
True,19,1053.5176320930477,hard,partnership_disguised_sale,-2.1013888888888896,7,1736,experiments/results/loophole_learning_metrics_hard_nomask_partnership_disguised_sale_936016_3_20260811_153534,2560,-1.5042343750000005,0.262637093645339,0,0,100
True,86,1002.8364113270072,hard,partnership_disguised_sale,-1.644084821428572,8,1737,experiments/results/loophole_learning_metrics_hard_nomask_partnership_disguised_sale_936016_3_20260811_153534,11136,-1.647109375,0.34353066978578556,0.003125,0.013975424859373685,100
False,,889.1147184969159,hard,partnership_disguised_sale,,9,1738,experiments/results/loophole_learning_metrics_hard_nomask_partnership_disguised_sale_936016_3_20260811_153534,,-1.6771718750000004,0.258365037393387,0,0,100
True,87,703.2771735560382,hard,straddle_abuse,-2.3061538461538453,0,1729,experiments/results/loophole_learning_metrics_hard_nomask_straddle_abuse_936017_4_20260811_153534,11264,-2.5973333333333333,1.2930721787739348,0.005555555555555555,0.024845199749997663,100
True,49,701.5367086860351,hard,straddle_abuse,-2.8412418300653597,1,1730,experiments/results/loophole_learning_metrics_hard_nomask_straddle_abuse_936017_4_20260811_153534,6400,-2.4116666666666657,1.0368482319078327,0,0,100
True,46,700.121002512984,hard,straddle_abuse,-3.643086419753087,2,1731,experiments/results/loophole_learning_metrics_hard_nomask_straddle_abuse_936017_4_20260811_153534,6016,-3.053055555555556,1.3434285889541113,0.005555555555555555,0.024845199749997663,100
False,,695.0025745339226,hard,straddle_abuse,,3,1732,experiments/results/loophole_learning_metrics_hard_nomask_straddle_abuse_936017_4_20260811_153534,,-3.443888888888889,1.1846345973779204,0,0,100
True,69,678.0655400640098,hard,straddle_abuse,-3.5056630824372763,4,1733,experiments/results/loophole_learning_metrics_hard_nomask_straddle_abuse_936017_4_20260811_153534,8960,-3.6116111111111118,1.1893187436823134,0.005555555555555555,0.024845199749997663,100
True,80,676.0830334329512,hard,straddle_abuse,-2.470833333333334,5,1734,experiments/results/loophole_learning_metrics_hard_nomask_straddle_abuse_936017_4_20260811_153534,10368,-2.470833333333334,1.363195176183173,0.016666666666666666,0.04070528317028036,100
True,55,681.7604297020007,hard,straddle_abuse,-3.398271604938272,6,1735,experiments/results/loophole_learning_metrics_hard_nomask_straddle_abuse_936017_4_20260811_153534,7168,-3.181722222222223,1.0769442411914734,0,0,100
True,29,693.3219214490382,hard,straddle_abuse,-3.556134585289515,7,1736,experiments/results/loophole_learning_metrics_hard_nomask_straddle_abuse_936017_4_20260811_153534,3840,-2.5385000000000004,1.8575610647194873,0.005555555555555555,0.024845199749997663,100
True,93,699.4957743950654,hard,straddle_abuse,-0.05349206349206232,8,1737,experiments/results/loophole_learning_metrics_hard_nomask_straddle_abuse_936017_4_20260811_153534,12032,-1.193888888888888,1.6931817747711424,0.005555555555555555,0.024845199749997663,100
False,,707.8299078859854,hard,straddle_abuse,,9,1738,experiments/results/loophole_learning_metrics_hard_nomask_straddle_abuse_936017_4_20260811_153534,,-2.045166666666666,1.3348259810215481,0,0,100
False,,610.2204456030158,hard,subsidiary_stock_comp,,0,1729,experiments/results/loophole_learning_metrics_hard_nomask_subsidiary_stock_comp_936012_5_20260811_153534,,-1.559375,0.2179024935849205,0,0,100
False,,586.1589025949361,hard,subsidiary_stock_comp,,1,1730,experiments/results/loophole_learning_metrics_hard_nomask_subsidiary_stock_comp_936012_5_20260811_153534,,-7.759375,0.14661055420829416,0,0,100
False,,597.8329778140178,hard,subsidiary_stock_comp,,2,1731,experiments/results/loophole_learning_metrics_hard_nomask_subsidiary_stock_comp_936012_5_20260811_153534,,-1.54375,0.2194303330276641,0,0,100
False,,604.656078170985,hard,subsidiary_stock_comp,,3,1732,experiments/results/loophole_learning_metrics_hard_nomask_subsidiary_stock_comp_936012_5_20260811_153534,,-1.6530934343434343,0.18298749088359395,0,0,100
False,,605.1034549559699,hard,subsidiary_stock_comp,,4,1733,experiments/results/loophole_learning_metrics_hard_nomask_subsidiary_stock_comp_936012_5_20260811_153534,,-2.5187184343434343,1.5279339851234082,0,0,100
False,,749.070633319905,hard,subsidiary_stock_comp,,5,1734,experiments/results/loophole_learning_metrics_hard_nomask_subsidiary_stock_comp_936012_5_20260811_153534,,-1.55625,0.21257738529025638,0,0,100
False,,616.0003542710328,hard,subsidiary_stock_comp,,6,1735,experiments/results/loophole_learning_metrics_hard_nomask_subsidiary_stock_comp_936012_5_20260811_153534,,-4.465625,1.5252096221330917,0,0,100
False,,616.4497074249666,hard,subsidiary_stock_comp,,7,1736,experiments/results/loophole_learning_metrics_hard_nomask_subsidiary_stock_comp_936012_5_20260811_153534,,-1.5125,0.2504929350826402,0,0,100
False,,601.4525025879266,hard,subsidiary_stock_comp,,8,1737,experiments/results/loophole_learning_metrics_hard_nomask_subsidiary_stock_comp_936012_5_20260811_153534,,-6.980918560606061,0.13062628658268322,0,0,100
False,,587.309803882963,hard,subsidiary_stock_comp,,9,1738,experiments/results/loophole_learning_metrics_hard_nomask_subsidiary_stock_comp_936012_5_20260811_153534,,-7.3281092171717175,0.4095522566189532,0,0,100
