discovered,discovery_update,elapsed_seconds,loophole,post_discovery_avg_reward_per_episode,run,seed,steps_to_first_discovery,tail_avg_reward_per_episode,tail_reward_stddev,tail_success_rate,tail_success_rate_stddev,updates_logged
True,10,901.4582392880693,barnes_group,0.415040214832372,0,1729,1408,0.9656727256811818,0.010718477449450606,1,0,100
True,0,866.6589106274769,barnes_group,0.14224010877543977,1,1730,128,0.9602273226539768,0.017957452801595858,1,0,100
True,0,851.5486811446026,barnes_group,0.7923840251575887,2,1731,128,0.9624789180663533,0.014612686044524247,1,0,100
True,1,836.241621918045,barnes_group,0.4905698886757268,3,1732,256,0.9500906257957732,0.018643629119538915,1,0,100
True,1,842.7624306669459,barnes_group,-0.06289345535134291,4,1733,256,0.9090810305707375,0.046999019784824916,1,0,100
True,8,823.7570949308574,barnes_group,-0.8113043478260874,5,1734,1152,-0.8010000000000005,0.08699062260412121,0,0,100
True,0,709.5836344948038,barnes_group,-0.8166500000000005,6,1735,128,-0.8365000000000006,0.27758877195554854,0.05,0.22360679774997896,100
True,4,630.2357088569552,barnes_group,-1.038645833333334,7,1736,640,-1.0245000000000006,0.3338842377389602,0,0,100
True,25,642.0926428493112,barnes_group,-0.7366000000000005,8,1737,3328,-0.6195000000000004,0.2956255633131386,0.1,0.30779350562554625,100
True,1,816.4861170006916,barnes_group,0.09835515123867643,9,1738,256,0.9590896836131334,0.014601080561665411,1,0,100
True,0,893.8292687609792,distressed_assets,25.69568629226983,0,1729,128,27.403975244037014,2.627329434745285,0.9848762838468721,0.027162839186446675,100
True,0,869.9613800225779,distressed_assets,26.008010347846604,1,1730,128,29.336755255855262,4.6821969175317575,0.9482323232323232,0.06435058635911502,100
True,0,856.9083594549447,distressed_assets,29.407340506821615,2,1731,128,31.812108022533028,4.363461331354594,0.9863194444444444,0.03441907137052214,100
True,0,834.976056613028,distressed_assets,29.31564466855943,3,1732,128,31.215901427004383,4.440326147411287,0.9841083916083916,0.03286307087284184,100
True,0,840.1267872881144,distressed_assets,25.860102741980246,4,1733,128,25.188011813186804,4.754792911150533,0.8813469863469864,0.14942795926556146,100
True,0,831.3771400973201,distressed_assets,26.231104370119905,5,1734,128,28.104405936016597,3.1721800222002168,0.9653237734487735,0.05538312783943822,100
True,0,826.2996718892828,distressed_assets,26.8021325378019,6,1735,128,26.859821593422073,3.1677151965094614,0.9818782249742002,0.040575416682908004,100
True,4,838.0464454777539,distressed_assets,0.36040527672558925,7,1736,640,0.2672080808080808,1.111555089675465,0.02125,0.04388606660553283,100
True,0,824.0498399697244,distressed_assets,27.310629938419435,8,1737,128,27.657584162691897,4.604006053347693,0.9829278360528362,0.03598565207412514,100
True,1,734.287275779061,distressed_assets,26.88380969838468,9,1738,256,28.14766260369533,3.356705370119372,0.9874732905982906,0.03164833063441669,100
True,0,538.6187753090635,dub_irish_dutch,0.16738360834723437,0,1729,128,0.47510007256442044,0.31737866168751455,0.26023809523809527,0.21997779781425436,100
True,0,530.955208754167,dub_irish_dutch,0.17611631786789889,1,1730,128,0.525424031647437,0.4089319424851442,0.36238095238095236,0.2715039687744356,100
True,0,530.2385941939428,dub_irish_dutch,0.20374145518858439,2,1731,128,0.5999119723865705,0.48471876651877516,0.3,0.2999512630977208,100
True,3,529.6304256571457,dub_irish_dutch,0.20802354491386957,3,1732,512,0.6703252904875637,0.5848116634086336,0.2791666666666667,0.297350630839786,100
True,0,531.4067225726321,dub_irish_dutch,0.33909505029931436,4,1733,128,0.8008546818644172,0.5424246075136033,0.2033333333333333,0.27865592189475813,100
True,1,529.4788583600894,dub_irish_dutch,0.23907145406735092,5,1734,256,0.7687979912891844,0.6155491326944141,0.2051190476190476,0.28906893906747555,100
True,0,530.7750743338838,dub_irish_dutch,0.20529210606046358,6,1735,128,0.41412583277661374,0.26256616321635723,0.17124999999999999,0.18272376732707443,100
True,0,520.683129761368,dub_irish_dutch,0.23839011349677292,7,1736,128,0.6292268183166788,0.5035034661880768,0.15999999999999998,0.18140130305082708,100
True,0,503.53474537469447,dub_irish_dutch,0.20129484759300173,8,1737,128,0.4789240539515099,0.24858332069710265,0.21749999999999997,0.22906337385048287,100
True,1,501.98941725771874,dub_irish_dutch,0.29644400748277433,9,1738,256,0.6388676538795355,0.5817742629384453,0.10083333333333333,0.18436511892444132,100
True,3,797.2999326074496,partnership_disguised_sale,4.628828642159523,0,1729,512,9.972513767414863,1.9909893158368832,0.495656604747162,0.10364986228021349,100
True,1,801.1699516493827,partnership_disguised_sale,3.8179678188837114,1,1730,256,8.997130960827315,2.7187819259831874,0.45601350189198486,0.13926938756888263,100
True,0,790.1962673515081,partnership_disguised_sale,4.115361749642043,2,1731,128,10.277577130563154,2.9163993355206057,0.5021541794548761,0.153167022493216,100
True,1,802.7042672699317,partnership_disguised_sale,6.025217658612267,3,1732,256,10.150501531862748,3.061742390863048,0.5097426470588236,0.1557890213251645,100
True,1,796.403700412251,partnership_disguised_sale,4.646863260659572,4,1733,256,10.551549100232203,2.9573357499148436,0.5361087461300309,0.15440672055993557,100
True,5,787.5024773161858,partnership_disguised_sale,5.871435872986126,5,1734,768,13.461298337860569,2.787045532097897,0.6607943228605497,0.1384975895165372,100
True,3,792.0137048913166,partnership_disguised_sale,3.6441768369719023,6,1735,512,8.594922181372551,2.8168188997356287,0.4282475490196078,0.14380589113120432,100
True,0,798.3019039621577,partnership_disguised_sale,6.7574148179584945,7,1736,128,14.63553602004703,2.9932271218993094,0.7322112520897688,0.14654573476427116,100
True,3,796.1245265379548,partnership_disguised_sale,5.562983054810821,8,1737,512,11.557073718610257,2.36409912878269,0.576968524251806,0.11903193985353072,100
True,0,786.2118761446327,partnership_disguised_sale,7.871172746184203,9,1738,128,14.727317002119838,1.76990112761793,0.7399461443269493,0.08910661823598515,100
True,4,674.8094120407477,straddle_abuse,0.824826388888889,0,1729,640,0.38605555555555543,1.0960546219249356,0.005555555555555555,0.024845199749997663,100
True,8,675.3104157829657,straddle_abuse,0.8374879227053139,1,1730,1152,0.9545000000000003,1.1185286024809116,0,0,100
True,8,729.7657900480554,straddle_abuse,1.306944444444444,2,1731,1152,1.5801111111111112,1.8846584859960458,0.005555555555555555,0.024845199749997663,100
True,3,854.2009851234034,straddle_abuse,1.412107674684994,3,1732,512,2.361499999999998,2.3015444788889243,0.02222222222222222,0.04559903787045129,100
True,9,858.4263852173463,straddle_abuse,1.213235653235653,4,1733,1280,1.7226111111111109,2.356237633649208,0.016666666666666666,0.04070528317028036,100
True,13,860.5374537408352,straddle_abuse,1.3882120051085567,5,1734,1792,1.786055555555555,1.5711706844541442,0.02222222222222222,0.04559903787045129,100
True,16,854.3343885513023,straddle_abuse,1.0131481481481484,6,1735,2176,1.144277777777778,1.5737889730341632,0.016666666666666666,0.04070528317028036,100
True,23,855.1403558934107,straddle_abuse,1.8277965367965363,7,1736,3072,1.8274444444444442,2.1248450495813436,0.016666666666666666,0.04070528317028036,100
True,38,829.6932339631021,straddle_abuse,0.990967741935484,8,1737,4992,1.0427777777777774,1.918234429582475,0.01111111111111111,0.03419927840283847,100
True,25,712.1243688175455,straddle_abuse,1.3720444444444442,9,1738,3328,2.5081666666666655,2.440536862800366,0.03333333333333333,0.05224026066462525,100
True,5,719.5292574176565,subsidiary_stock_comp,1.2087425265926681,0,1729,768,1.6710892776606436,0.176239016488757,0.8329077158751073,0.08209344681514254,100
True,0,718.424992594868,subsidiary_stock_comp,1.579844183134696,1,1730,128,1.7428121203456262,0.13548471905800738,0.8642239990008344,0.07150092158077341,100
True,0,701.6876569408923,subsidiary_stock_comp,1.5824767597400027,2,1731,128,1.6926387783280705,0.15032519035240685,0.8469147498260401,0.0738042250602366,100
True,0,701.459508093074,subsidiary_stock_comp,1.603355038516253,3,1732,128,1.6229014876452132,0.1056003416310598,0.7997098162080782,0.05620452381408499,100
True,1,703.7958010956645,subsidiary_stock_comp,1.5888452111736413,4,1733,256,1.7228615295769967,0.14005584769943918,0.858884808878552,0.06830321802458424,100
True,0,703.2907484527677,subsidiary_stock_comp,1.5948766442394722,5,1734,128,1.734528399201039,0.11268029071482981,0.860983748477144,0.05525556085078446,100
True,1,701.143483617343,subsidiary_stock_comp,1.6027822654604966,6,1735,256,1.7503878078918054,0.11947682450192444,0.8711526365273585,0.05810192056880183,100
True,0,699.7142908815295,subsidiary_stock_comp,1.5936007485046586,7,1736,128,1.7758463743630135,0.13221315280575904,0.8861547221780814,0.06405388906890909,100
True,0,698.2841253578663,subsidiary_stock_comp,1.5912735797497648,8,1737,128,1.732723294800294,0.17715397734193405,0.8607834972879467,0.08905608425898232,100
True,2,701.1471300655976,subsidiary_stock_comp,1.5087800394763888,9,1738,384,1.7480172024904868,0.13544329981932435,0.8718121200216584,0.06386789362558924,100
